{"events":[{"type":3,"data":{"source":3,"id":1,"x":0,"y":187},"timestamp":1592410036619},{"type":3,"data":{"source":3,"id":1,"x":0,"y":184},"timestamp":1592410036720},{"type":3,"data":{"source":3,"id":1,"x":0,"y":181},"timestamp":1592410036820},{"type":3,"data":{"source":3,"id":1,"x":0,"y":177},"timestamp":1592410036920},{"type":3,"data":{"source":3,"id":1,"x":0,"y":164},"timestamp":1592410037021},{"type":3,"data":{"source":3,"id":1,"x":0,"y":152},"timestamp":1592410037120},{"type":3,"data":{"source":3,"id":1,"x":0,"y":146},"timestamp":1592410037225},{"type":3,"data":{"source":3,"id":1,"x":0,"y":145},"timestamp":1592410037324},{"type":3,"data":{"source":3,"id":1,"x":0,"y":140},"timestamp":1592410037424},{"type":3,"data":{"source":3,"id":1,"x":0,"y":67},"timestamp":1592410037524},{"type":3,"data":{"source":3,"id":1,"x":0,"y":0},"timestamp":1592410037625},{"type":3,"data":{"source":3,"id":1,"x":0,"y":1},"timestamp":1592410039214},{"type":3,"data":{"source":3,"id":1,"x":0,"y":200},"timestamp":1592410039315},{"type":3,"data":{"source":3,"id":1,"x":0,"y":213},"timestamp":1592410039414},{"type":3,"data":{"source":3,"id":1,"x":0,"y":185},"timestamp":1592410040098},{"type":3,"data":{"source":3,"id":1,"x":0,"y":0},"timestamp":1592410040198},{"type":3,"data":{"source":1,"positions":[{"x":196,"y":569,"id":4960,"timeOffset":0}]},"timestamp":1592410040931},{"type":3,"data":{"source":1,"positions":[{"x":187,"y":365,"id":4894,"timeOffset":-445},{"x":215,"y":160,"id":4797,"timeOffset":-374},{"x":245,"y":88,"id":4755,"timeOffset":-316},{"x":251,"y":83,"id":4755,"timeOffset":-259},{"x":257,"y":83,"id":4755,"timeOffset":-205},{"x":271,"y":83,"id":4755,"timeOffset":-149},{"x":287,"y":80,"id":4755,"timeOffset":-92},{"x":301,"y":60,"id":4755,"timeOffset":-36}]},"timestamp":1592410041431},{"type":3,"data":{"source":1,"positions":[{"x":313,"y":28,"id":4735,"timeOffset":-482},{"x":314,"y":3,"id":4735,"timeOffset":-427}]},"timestamp":1592410041933}]}