{"events":[{"type":3,"data":{"source":1,"positions":[{"x":336,"y":749,"id":5001,"timeOffset":-432},{"x":337,"y":749,"id":5001,"timeOffset":-265},{"x":337,"y":749,"id":5001,"timeOffset":-193},{"x":337,"y":748,"id":5001,"timeOffset":-129},{"x":337,"y":747,"id":5001,"timeOffset":-33}]},"timestamp":1592410026483},{"type":3,"data":{"source":2,"type":1,"id":5001,"x":339,"y":745},"timestamp":1592410026669},{"type":3,"data":{"source":2,"type":5,"id":5001},"timestamp":1592410026673},{"type":3,"data":{"source":2,"type":0,"id":5001,"x":339,"y":745},"timestamp":1592410026813},{"type":3,"data":{"source":2,"type":2,"id":5001,"x":339,"y":745},"timestamp":1592410026813},{"type":3,"data":{"source":1,"positions":[{"x":338,"y":746,"id":5001,"timeOffset":-478},{"x":338,"y":746,"id":5001,"timeOffset":-405},{"x":339,"y":745,"id":5001,"timeOffset":-340}]},"timestamp":1592410026984},{"type":3,"data":{"source":1,"positions":[{"x":338,"y":743,"id":5001,"timeOffset":-142},{"x":323,"y":649,"id":4991,"timeOffset":-87},{"x":322,"y":602,"id":4973,"timeOffset":-37}]},"timestamp":1592410027484},{"type":3,"data":{"source":3,"id":1,"x":0,"y":1},"timestamp":1592410027747},{"type":3,"data":{"source":3,"id":1,"x":0,"y":93},"timestamp":1592410027847},{"type":3,"data":{"source":3,"id":1,"x":0,"y":213},"timestamp":1592410027947},{"type":3,"data":{"source":1,"positions":[{"x":322,"y":586,"id":4946,"timeOffset":0}]},"timestamp":1592410029031},{"type":3,"data":{"source":1,"positions":[{"x":311,"y":610,"id":4892,"timeOffset":-446},{"x":290,"y":639,"id":4892,"timeOffset":-390},{"x":279,"y":649,"id":5009,"timeOffset":-333},{"x":270,"y":658,"id":5009,"timeOffset":-277},{"x":255,"y":673,"id":5009,"timeOffset":-221},{"x":234,"y":701,"id":5014,"timeOffset":-164},{"x":224,"y":710,"id":5014,"timeOffset":-108},{"x":222,"y":711,"id":5014,"timeOffset":-10}]},"timestamp":1592410029531},{"type":3,"data":{"source":2,"type":1,"id":5014,"x":222,"y":711},"timestamp":1592410029569},{"type":3,"data":{"source":2,"type":6,"id":5001},"timestamp":1592410029569},{"type":3,"data":{"source":2,"type":5,"id":5014},"timestamp":1592410029571},{"type":3,"data":{"source":2,"type":0,"id":5014,"x":222,"y":711},"timestamp":1592410029643},{"type":3,"data":{"source":2,"type":2,"id":5014,"x":222,"y":711},"timestamp":1592410029643},{"type":3,"data":{"source":5,"text":"a","isChecked":false,"id":5014},"timestamp":1592410030783},{"type":3,"data":{"source":5,"text":"a@","isChecked":false,"id":5014},"timestamp":1592410031785},{"type":3,"data":{"source":5,"text":"a@a","isChecked":false,"id":5014},"timestamp":1592410032044},{"type":3,"data":{"source":5,"text":"a@a.","isChecked":false,"id":5014},"timestamp":1592410032370},{"type":3,"data":{"source":5,"text":"a@a.c","isChecked":false,"id":5014},"timestamp":1592410032507},{"type":3,"data":{"source":5,"text":"a@a.co","isChecked":false,"id":5014},"timestamp":1592410032661},{"type":3,"data":{"source":5,"text":"a@a.com","isChecked":false,"id":5014},"timestamp":1592410032753},{"type":3,"data":{"source":1,"positions":[{"x":223,"y":709,"id":5014,"timeOffset":0}]},"timestamp":1592410033161},{"type":3,"data":{"source":2,"type":1,"id":4946,"x":196,"y":577},"timestamp":1592410033611},{"type":3,"data":{"source":2,"type":6,"id":5014},"timestamp":1592410033612},{"type":3,"data":{"source":1,"positions":[{"x":266,"y":661,"id":5009,"timeOffset":-446},{"x":275,"y":649,"id":5009,"timeOffset":-390},{"x":275,"y":648,"id":5009,"timeOffset":-318},{"x":271,"y":648,"id":5009,"timeOffset":-262},{"x":229,"y":612,"id":4892,"timeOffset":-205},{"x":199,"y":579,"id":4946,"timeOffset":-149}]},"timestamp":1592410033662},{"type":3,"data":{"source":2,"type":0,"id":4946,"x":196,"y":577},"timestamp":1592410033715},{"type":3,"data":{"source":2,"type":2,"id":4946,"x":196,"y":577},"timestamp":1592410033715},{"type":3,"data":{"source":3,"id":1,"x":0,"y":212},"timestamp":1592410035664},{"type":3,"data":{"source":3,"id":1,"x":0,"y":201},"timestamp":1592410035773},{"type":3,"data":{"source":3,"id":1,"x":0,"y":199},"timestamp":1592410035874},{"type":3,"data":{"source":3,"id":1,"x":0,"y":198},"timestamp":1592410036009},{"type":3,"data":{"source":3,"id":1,"x":0,"y":191},"timestamp":1592410036110},{"type":3,"data":{"source":3,"id":1,"x":0,"y":190},"timestamp":1592410036213},{"type":3,"data":{"source":3,"id":1,"x":0,"y":188},"timestamp":1592410036313}]}