{"events":[{"type":3,"data":{"source":3,"id":1,"x":0,"y":211},"timestamp":1592410069737},{"type":3,"data":{"source":3,"id":1,"x":0,"y":178},"timestamp":1592410069837},{"type":3,"data":{"source":3,"id":1,"x":0,"y":160},"timestamp":1592410069938},{"type":3,"data":{"source":1,"positions":[{"x":252,"y":389,"id":740,"timeOffset":0}]},"timestamp":1592410070144},{"type":3,"data":{"source":1,"positions":[{"x":229,"y":370,"id":749,"timeOffset":-443},{"x":191,"y":338,"id":740,"timeOffset":-390},{"x":176,"y":323,"id":406,"timeOffset":-333},{"x":163,"y":311,"id":406,"timeOffset":-278},{"x":151,"y":299,"id":406,"timeOffset":-222},{"x":146,"y":292,"id":633,"timeOffset":-165},{"x":141,"y":286,"id":633,"timeOffset":-109},{"x":136,"y":278,"id":633,"timeOffset":-52},{"x":132,"y":273,"id":633,"timeOffset":0}]},"timestamp":1592410070644},{"type":3,"data":{"source":2,"type":1,"id":633,"x":132,"y":273},"timestamp":1592410070651},{"type":3,"data":{"source":2,"type":6,"id":648},"timestamp":1592410070651},{"type":3,"data":{"source":2,"type":5,"id":633},"timestamp":1592410070655},{"type":3,"data":{"source":2,"type":0,"id":633,"x":132,"y":273},"timestamp":1592410070668},{"type":3,"data":{"source":2,"type":2,"id":633,"x":132,"y":273},"timestamp":1592410070669},{"type":3,"data":{"source":5,"text":"Active","isChecked":false,"id":633},"timestamp":1592410071693},{"type":3,"data":{"source":1,"positions":[{"x":249,"y":438,"id":813,"timeOffset":0}]},"timestamp":1592410071705},{"type":3,"data":{"source":3,"id":1,"x":0,"y":161},"timestamp":1592410072068},{"type":3,"data":{"source":3,"id":1,"x":0,"y":212},"timestamp":1592410072169},{"type":3,"data":{"source":1,"positions":[{"x":255,"y":454,"id":819,"timeOffset":-443}]},"timestamp":1592410072205},{"type":3,"data":{"source":3,"id":1,"x":0,"y":285},"timestamp":1592410072270},{"type":3,"data":{"source":3,"id":1,"x":0,"y":319},"timestamp":1592410072371},{"type":3,"data":{"source":3,"id":1,"x":0,"y":321},"timestamp":1592410072473},{"type":3,"data":{"source":1,"positions":[{"x":256,"y":458,"id":891,"timeOffset":0}]},"timestamp":1592410072706},{"type":3,"data":{"source":1,"positions":[{"x":297,"y":452,"id":891,"timeOffset":-445},{"x":355,"y":449,"id":891,"timeOffset":-389},{"x":380,"y":448,"id":817,"timeOffset":-333},{"x":389,"y":448,"id":817,"timeOffset":-278},{"x":398,"y":450,"id":925,"timeOffset":-227},{"x":412,"y":451,"id":925,"timeOffset":-173},{"x":417,"y":451,"id":925,"timeOffset":-114},{"x":424,"y":447,"id":925,"timeOffset":-60},{"x":432,"y":441,"id":929,"timeOffset":-10}]},"timestamp":1592410073206},{"type":3,"data":{"source":2,"type":1,"id":929,"x":438,"y":436},"timestamp":1592410073276},{"type":3,"data":{"source":2,"type":6,"id":633},"timestamp":1592410073277},{"type":3,"data":{"source":2,"type":0,"id":929,"x":438,"y":435},"timestamp":1592410073386},{"type":3,"data":{"source":2,"type":2,"id":929,"x":438,"y":435},"timestamp":1592410073387},{"type":3,"data":{"source":2,"type":5,"id":927},"timestamp":1592410073402},{"type":3,"data":{"source":2,"type":2,"id":927,"x":438,"y":435},"timestamp":1592410073402},{"type":3,"data":{"source":5,"text":"on","isChecked":true,"id":927},"timestamp":1592410073413},{"type":3,"data":{"source":1,"positions":[{"x":438,"y":437,"id":929,"timeOffset":-462}]},"timestamp":1592410073712},{"type":3,"data":{"source":1,"positions":[{"x":437,"y":436,"id":929,"timeOffset":-345},{"x":407,"y":446,"id":925,"timeOffset":-288},{"x":391,"y":448,"id":925,"timeOffset":-233},{"x":347,"y":461,"id":891,"timeOffset":-177},{"x":279,"y":479,"id":898,"timeOffset":-121},{"x":255,"y":483,"id":904,"timeOffset":-64}]},"timestamp":1592410074213},{"type":3,"data":{"source":2,"type":1,"id":904,"x":251,"y":485},"timestamp":1592410074334},{"type":3,"data":{"source":2,"type":6,"id":927},"timestamp":1592410074337},{"type":3,"data":{"source":2,"type":5,"id":904},"timestamp":1592410074339},{"type":3,"data":{"source":2,"type":0,"id":904,"x":251,"y":485},"timestamp":1592410074447},{"type":3,"data":{"source":2,"type":2,"id":904,"x":251,"y":485},"timestamp":1592410074447},{"type":3,"data":{"source":1,"positions":[{"x":252,"y":483,"id":904,"timeOffset":-487},{"x":252,"y":485,"id":904,"timeOffset":-431},{"x":251,"y":485,"id":904,"timeOffset":-374}]},"timestamp":1592410074716},{"type":3,"data":{"source":1,"positions":[{"x":252,"y":485,"id":904,"timeOffset":-355},{"x":342,"y":485,"id":898,"timeOffset":-301}]},"timestamp":1592410075219},{"type":3,"data":{"source":3,"id":1,"x":0,"y":322},"timestamp":1592410075249},{"type":3,"data":{"source":3,"id":1,"x":0,"y":428},"timestamp":1592410075350},{"type":3,"data":{"source":3,"id":1,"x":0,"y":471},"timestamp":1592410075451},{"type":3,"data":{"source":3,"id":1,"x":0,"y":472},"timestamp":1592410075554},{"type":3,"data":{"source":3,"id":1,"x":0,"y":473},"timestamp":1592410075785},{"type":3,"data":{"source":3,"id":1,"x":0,"y":636},"timestamp":1592410075886},{"type":3,"data":{"source":3,"id":1,"x":0,"y":737},"timestamp":1592410075986},{"type":3,"data":{"source":3,"id":1,"x":0,"y":738},"timestamp":1592410076089},{"type":3,"data":{"source":1,"positions":[{"x":404,"y":483,"id":1108,"timeOffset":0}]},"timestamp":1592410076253},{"type":3,"data":{"source":1,"positions":[{"x":423,"y":443,"id":1108,"timeOffset":-447},{"x":432,"y":418,"id":1108,"timeOffset":-391},{"x":434,"y":403,"id":1108,"timeOffset":-334},{"x":439,"y":376,"id":1108,"timeOffset":-279},{"x":439,"y":368,"id":1108,"timeOffset":-133},{"x":439,"y":365,"id":1108,"timeOffset":-76},{"x":437,"y":359,"id":1112,"timeOffset":-23}]},"timestamp":1592410076753},{"type":3,"data":{"source":2,"type":1,"id":1112,"x":436,"y":356},"timestamp":1592410076763},{"type":3,"data":{"source":2,"type":6,"id":904},"timestamp":1592410076764},{"type":3,"data":{"source":2,"type":0,"id":1112,"x":435,"y":356},"timestamp":1592410076869},{"type":3,"data":{"source":2,"type":2,"id":1112,"x":435,"y":356},"timestamp":1592410076869},{"type":3,"data":{"source":2,"type":5,"id":1110},"timestamp":1592410076879},{"type":3,"data":{"source":2,"type":2,"id":1110,"x":435,"y":356},"timestamp":1592410076879},{"type":3,"data":{"source":5,"text":"on","isChecked":true,"id":1110},"timestamp":1592410076888},{"type":3,"data":{"source":1,"positions":[{"x":435,"y":356,"id":1112,"timeOffset":-86},{"x":392,"y":365,"id":1108,"timeOffset":-27}]},"timestamp":1592410077254},{"type":3,"data":{"source":1,"positions":[{"x":333,"y":379,"id":1074,"timeOffset":-475},{"x":313,"y":385,"id":1073,"timeOffset":-425},{"x":304,"y":388,"id":1073,"timeOffset":-370},{"x":286,"y":395,"id":1081,"timeOffset":-313},{"x":264,"y":400,"id":1081,"timeOffset":-258},{"x":256,"y":400,"id":1087,"timeOffset":-202},{"x":245,"y":402,"id":1087,"timeOffset":-145},{"x":235,"y":405,"id":1087,"timeOffset":-89},{"x":233,"y":408,"id":1087,"timeOffset":-33}]},"timestamp":1592410077755},{"type":3,"data":{"source":2,"type":1,"id":1087,"x":233,"y":409},"timestamp":1592410077788},{"type":3,"data":{"source":2,"type":6,"id":1110},"timestamp":1592410077792},{"type":3,"data":{"source":2,"type":5,"id":1087},"timestamp":1592410077794},{"type":3,"data":{"source":2,"type":0,"id":1087,"x":233,"y":409},"timestamp":1592410077868},{"type":3,"data":{"source":2,"type":2,"id":1087,"x":233,"y":409},"timestamp":1592410077868},{"type":3,"data":{"source":3,"id":1,"x":0,"y":739},"timestamp":1592410078573},{"type":3,"data":{"source":3,"id":1,"x":0,"y":886},"timestamp":1592410078676},{"type":3,"data":{"source":3,"id":1,"x":0,"y":978},"timestamp":1592410078777},{"type":3,"data":{"source":3,"id":1,"x":0,"y":979},"timestamp":1592410079189},{"type":3,"data":{"source":3,"id":1,"x":0,"y":1200},"timestamp":1592410079289},{"type":3,"data":{"source":3,"id":1,"x":0,"y":1244},"timestamp":1592410079389},{"type":3,"data":{"source":3,"id":1,"x":0,"y":1246},"timestamp":1592410079492}]}