{"events":[{"type":3,"data":{"source":1,"positions":[{"x":206,"y":217,"id":4782,"timeOffset":0}]},"timestamp":1592409998493},{"type":3,"data":{"source":1,"positions":[{"x":243,"y":214,"id":4811,"timeOffset":-447},{"x":274,"y":218,"id":4782,"timeOffset":-391},{"x":283,"y":227,"id":4782,"timeOffset":-335},{"x":285,"y":231,"id":4782,"timeOffset":-279},{"x":285,"y":233,"id":4782,"timeOffset":-223},{"x":285,"y":233,"id":4782,"timeOffset":-141},{"x":287,"y":228,"id":4782,"timeOffset":-86},{"x":289,"y":223,"id":4782,"timeOffset":-30}]},"timestamp":1592409998994},{"type":3,"data":{"source":3,"id":1,"x":0,"y":3},"timestamp":1592409999267},{"type":3,"data":{"source":3,"id":1,"x":0,"y":54},"timestamp":1592409999368},{"type":3,"data":{"source":3,"id":1,"x":0,"y":65},"timestamp":1592409999470},{"type":3,"data":{"source":3,"id":1,"x":0,"y":70},"timestamp":1592409999569},{"type":3,"data":{"source":3,"id":1,"x":0,"y":73},"timestamp":1592409999670},{"type":3,"data":{"source":3,"id":1,"x":0,"y":72},"timestamp":1592409999871},{"type":3,"data":{"source":3,"id":1,"x":0,"y":55},"timestamp":1592409999972},{"type":3,"data":{"source":3,"id":1,"x":0,"y":11},"timestamp":1592410000072},{"type":3,"data":{"source":3,"id":1,"x":0,"y":6},"timestamp":1592410000175},{"type":3,"data":{"source":3,"id":1,"x":0,"y":5},"timestamp":1592410000441},{"type":3,"data":{"source":3,"id":1,"x":0,"y":0},"timestamp":1592410000544},{"type":3,"data":{"source":3,"id":1,"x":0,"y":1},"timestamp":1592410000906},{"type":3,"data":{"source":3,"id":1,"x":0,"y":54},"timestamp":1592410001006},{"type":3,"data":{"source":3,"id":1,"x":0,"y":151},"timestamp":1592410001108},{"type":3,"data":{"source":3,"id":1,"x":0,"y":160},"timestamp":1592410001210},{"type":3,"data":{"source":3,"id":1,"x":0,"y":166},"timestamp":1592410001310},{"type":3,"data":{"source":3,"id":1,"x":0,"y":175},"timestamp":1592410001410},{"type":3,"data":{"source":1,"positions":[{"x":291,"y":221,"id":4896,"timeOffset":0}]},"timestamp":1592410001745},{"type":3,"data":{"source":1,"positions":[{"x":254,"y":238,"id":4933,"timeOffset":-445},{"x":214,"y":252,"id":4933,"timeOffset":-390},{"x":197,"y":255,"id":4933,"timeOffset":-333},{"x":194,"y":256,"id":4933,"timeOffset":-277},{"x":192,"y":256,"id":4933,"timeOffset":-221},{"x":188,"y":256,"id":4933,"timeOffset":-163},{"x":186,"y":257,"id":4933,"timeOffset":-109},{"x":185,"y":258,"id":4933,"timeOffset":-45}]},"timestamp":1592410002245},{"type":3,"data":{"source":0,"texts":[],"attributes":[],"removes":[{"parentId":2,"id":53}],"adds":[]},"timestamp":1592410002344},{"type":3,"data":{"source":1,"positions":[{"x":185,"y":261,"id":4933,"timeOffset":-490},{"x":184,"y":263,"id":4933,"timeOffset":-433},{"x":184,"y":263,"id":4933,"timeOffset":-285},{"x":184,"y":263,"id":4933,"timeOffset":-126},{"x":184,"y":267,"id":4933,"timeOffset":-72}]},"timestamp":1592410002746},{"type":3,"data":{"source":2,"type":1,"id":4933,"x":184,"y":267},"timestamp":1592410002803},{"type":3,"data":{"source":2,"type":6,"id":4811},"timestamp":1592410002804},{"type":3,"data":{"source":2,"type":5,"id":4933},"timestamp":1592410002807},{"type":3,"data":{"source":2,"type":0,"id":4933,"x":184,"y":267},"timestamp":1592410002812},{"type":3,"data":{"source":2,"type":2,"id":4933,"x":184,"y":267},"timestamp":1592410002812},{"type":3,"data":{"source":5,"text":"/rx-settings/rxsettings/pay","isChecked":false,"id":4933},"timestamp":1592410004301},{"type":3,"data":{"source":1,"positions":[{"x":148,"y":295,"id":4897,"timeOffset":0}]},"timestamp":1592410004697},{"type":3,"data":{"source":2,"type":1,"id":4951,"x":180,"y":317},"timestamp":1592410004872},{"type":3,"data":{"source":2,"type":6,"id":4933},"timestamp":1592410004873},{"type":3,"data":{"source":2,"type":0,"id":4951,"x":180,"y":317},"timestamp":1592410004969},{"type":3,"data":{"source":2,"type":2,"id":4951,"x":180,"y":317},"timestamp":1592410004969},{"type":3,"data":{"source":1,"positions":[{"x":167,"y":306,"id":4946,"timeOffset":-447},{"x":178,"y":316,"id":4951,"timeOffset":-391}]},"timestamp":1592410005199},{"type":3,"data":{"source":3,"id":1,"x":0,"y":176},"timestamp":1592410005378},{"type":3,"data":{"source":3,"id":1,"x":0,"y":213},"timestamp":1592410005478},{"type":3,"data":{"source":1,"positions":[{"x":180,"y":320,"id":4947,"timeOffset":0}]},"timestamp":1592410006027}]}