{"events":[{"type":3,"data":{"source":1,"positions":[{"x":234,"y":218,"id":344,"timeOffset":-399}]},"timestamp":1592410059751},{"type":3,"data":{"source":5,"text":"138581475929","isChecked":false,"id":344},"timestamp":1592410060624},{"type":3,"data":{"source":1,"positions":[{"x":178,"y":235,"id":344,"timeOffset":0}]},"timestamp":1592410060935},{"type":3,"data":{"source":2,"type":1,"id":310,"x":170,"y":307},"timestamp":1592410061174},{"type":3,"data":{"source":2,"type":6,"id":344},"timestamp":1592410061176},{"type":3,"data":{"source":2,"type":0,"id":310,"x":170,"y":307},"timestamp":1592410061271},{"type":3,"data":{"source":2,"type":2,"id":310,"x":170,"y":307},"timestamp":1592410061271},{"type":3,"data":{"source":1,"positions":[{"x":178,"y":245,"id":336,"timeOffset":-448},{"x":174,"y":282,"id":336,"timeOffset":-392},{"x":171,"y":305,"id":310,"timeOffset":-335},{"x":170,"y":307,"id":310,"timeOffset":-278}]},"timestamp":1592410061436},{"type":3,"data":{"source":1,"positions":[{"x":170,"y":309,"id":310,"timeOffset":-360},{"x":163,"y":368,"id":362,"timeOffset":-297},{"x":158,"y":392,"id":536,"timeOffset":-242},{"x":155,"y":400,"id":633,"timeOffset":-184},{"x":151,"y":414,"id":633,"timeOffset":-130},{"x":148,"y":420,"id":633,"timeOffset":-73},{"x":146,"y":425,"id":633,"timeOffset":-17}]},"timestamp":1592410061936},{"type":3,"data":{"source":2,"type":1,"id":633,"x":144,"y":429},"timestamp":1592410062009},{"type":3,"data":{"source":2,"type":5,"id":633},"timestamp":1592410062011},{"type":3,"data":{"source":2,"type":0,"id":633,"x":144,"y":429},"timestamp":1592410062014},{"type":3,"data":{"source":2,"type":2,"id":633,"x":144,"y":429},"timestamp":1592410062014},{"type":3,"data":{"source":1,"positions":[{"x":145,"y":428,"id":633,"timeOffset":-462}]},"timestamp":1592410062438},{"type":3,"data":{"source":5,"text":"Hidden","isChecked":false,"id":633},"timestamp":1592410063174},{"type":3,"data":{"source":1,"positions":[{"x":109,"y":443,"id":633,"timeOffset":0}]},"timestamp":1592410063365},{"type":3,"data":{"source":1,"positions":[{"x":156,"y":368,"id":363,"timeOffset":-449},{"x":191,"y":327,"id":310,"timeOffset":-398},{"x":218,"y":302,"id":310,"timeOffset":-344},{"x":231,"y":290,"id":310,"timeOffset":-288}]},"timestamp":1592410063868},{"type":3,"data":{"source":3,"id":1,"x":0,"y":1},"timestamp":1592410063881},{"type":3,"data":{"source":3,"id":1,"x":0,"y":81},"timestamp":1592410063985},{"type":3,"data":{"source":3,"id":1,"x":0,"y":186},"timestamp":1592410064087},{"type":3,"data":{"source":3,"id":1,"x":0,"y":227},"timestamp":1592410064188},{"type":3,"data":{"source":3,"id":1,"x":0,"y":239},"timestamp":1592410064288},{"type":3,"data":{"source":3,"id":1,"x":0,"y":244},"timestamp":1592410064389},{"type":3,"data":{"source":1,"positions":[{"x":233,"y":287,"id":749,"timeOffset":0}]},"timestamp":1592410064701},{"type":3,"data":{"source":1,"positions":[{"x":233,"y":244,"id":740,"timeOffset":-445},{"x":235,"y":214,"id":406,"timeOffset":-389},{"x":236,"y":206,"id":536,"timeOffset":-333},{"x":236,"y":205,"id":536,"timeOffset":-275},{"x":235,"y":201,"id":642,"timeOffset":-225},{"x":233,"y":197,"id":642,"timeOffset":-172},{"x":231,"y":193,"id":642,"timeOffset":-115},{"x":231,"y":191,"id":643,"timeOffset":-65},{"x":231,"y":189,"id":643,"timeOffset":-11}]},"timestamp":1592410065200},{"type":3,"data":{"source":1,"positions":[{"x":231,"y":188,"id":644,"timeOffset":-111}]},"timestamp":1592410065701},{"type":3,"data":{"source":0,"texts":[],"attributes":[],"removes":[{"parentId":3,"id":22}],"adds":[]},"timestamp":1592410066117},{"type":3,"data":{"source":2,"type":1,"id":644,"x":231,"y":188},"timestamp":1592410066497},{"type":3,"data":{"source":2,"type":6,"id":633},"timestamp":1592410066502},{"type":3,"data":{"source":2,"type":5,"id":642},"timestamp":1592410066505},{"type":3,"data":{"source":2,"type":0,"id":643,"x":231,"y":188},"timestamp":1592410066657},{"type":3,"data":{"source":2,"type":2,"id":643,"x":231,"y":188},"timestamp":1592410066657},{"type":3,"data":{"source":1,"positions":[{"x":232,"y":188,"id":644,"timeOffset":0}]},"timestamp":1592410067172},{"type":3,"data":{"source":1,"positions":[{"x":256,"y":189,"id":641,"timeOffset":-449},{"x":284,"y":191,"id":648,"timeOffset":-390},{"x":299,"y":191,"id":648,"timeOffset":-333},{"x":314,"y":191,"id":648,"timeOffset":-280},{"x":320,"y":191,"id":648,"timeOffset":-221},{"x":323,"y":191,"id":648,"timeOffset":-167},{"x":324,"y":191,"id":648,"timeOffset":-96},{"x":324,"y":190,"id":648,"timeOffset":-31}]},"timestamp":1592410067674},{"type":3,"data":{"source":2,"type":1,"id":648,"x":323,"y":190},"timestamp":1592410067828},{"type":3,"data":{"source":2,"type":6,"id":642},"timestamp":1592410067832},{"type":3,"data":{"source":2,"type":5,"id":648},"timestamp":1592410067834},{"type":3,"data":{"source":2,"type":0,"id":648,"x":323,"y":190},"timestamp":1592410067942},{"type":3,"data":{"source":2,"type":2,"id":648,"x":323,"y":190},"timestamp":1592410067942},{"type":3,"data":{"source":1,"positions":[{"x":324,"y":190,"id":648,"timeOffset":-370}]},"timestamp":1592410068175},{"type":3,"data":{"source":1,"positions":[{"x":323,"y":191,"id":648,"timeOffset":-248},{"x":325,"y":241,"id":740,"timeOffset":-194},{"x":312,"y":273,"id":752,"timeOffset":-136},{"x":287,"y":317,"id":739,"timeOffset":-82},{"x":275,"y":339,"id":813,"timeOffset":-26}]},"timestamp":1592410068675},{"type":3,"data":{"source":3,"id":1,"x":0,"y":246},"timestamp":1592410069130},{"type":3,"data":{"source":1,"positions":[{"x":268,"y":350,"id":813,"timeOffset":-471},{"x":259,"y":374,"id":819,"timeOffset":-414},{"x":254,"y":387,"id":822,"timeOffset":-358}]},"timestamp":1592410069176},{"type":3,"data":{"source":3,"id":1,"x":0,"y":278},"timestamp":1592410069230},{"type":3,"data":{"source":3,"id":1,"x":0,"y":284},"timestamp":1592410069330},{"type":3,"data":{"source":3,"id":1,"x":0,"y":285},"timestamp":1592410069431},{"type":3,"data":{"source":3,"id":1,"x":0,"y":279},"timestamp":1592410069534},{"type":3,"data":{"source":3,"id":1,"x":0,"y":248},"timestamp":1592410069637}]}