{"events":[{"type":3,"data":{"source":3,"id":1,"x":0,"y":1245},"timestamp":1592410082280},{"type":3,"data":{"source":3,"id":1,"x":0,"y":1104},"timestamp":1592410082381},{"type":3,"data":{"source":3,"id":1,"x":0,"y":917},"timestamp":1592410082482},{"type":3,"data":{"source":3,"id":1,"x":0,"y":907},"timestamp":1592410082585},{"type":3,"data":{"source":3,"id":1,"x":0,"y":910},"timestamp":1592410082689},{"type":3,"data":{"source":3,"id":1,"x":0,"y":896},"timestamp":1592410082877},{"type":3,"data":{"source":3,"id":1,"x":0,"y":608},"timestamp":1592410082976},{"type":3,"data":{"source":3,"id":1,"x":0,"y":583},"timestamp":1592410083077},{"type":3,"data":{"source":3,"id":1,"x":0,"y":548},"timestamp":1592410083180},{"type":3,"data":{"source":3,"id":1,"x":0,"y":523},"timestamp":1592410083280},{"type":3,"data":{"source":3,"id":1,"x":0,"y":278},"timestamp":1592410083381},{"type":3,"data":{"source":3,"id":1,"x":0,"y":138},"timestamp":1592410083481},{"type":3,"data":{"source":3,"id":1,"x":0,"y":112},"timestamp":1592410083582},{"type":3,"data":{"source":3,"id":1,"x":0,"y":88},"timestamp":1592410083682},{"type":3,"data":{"source":3,"id":1,"x":0,"y":11},"timestamp":1592410083782},{"type":3,"data":{"source":3,"id":1,"x":0,"y":0},"timestamp":1592410083883},{"type":3,"data":{"source":1,"positions":[{"x":233,"y":408,"id":642,"timeOffset":0}]},"timestamp":1592410084280},{"type":3,"data":{"source":1,"positions":[{"x":274,"y":658,"id":825,"timeOffset":-444},{"x":278,"y":851,"id":2547,"timeOffset":-393},{"x":266,"y":906,"id":2557,"timeOffset":-333},{"x":260,"y":918,"id":2555,"timeOffset":-279},{"x":258,"y":917,"id":2555,"timeOffset":-225},{"x":255,"y":917,"id":2555,"timeOffset":-169},{"x":252,"y":919,"id":2555,"timeOffset":-119},{"x":251,"y":918,"id":2555,"timeOffset":-56},{"x":251,"y":914,"id":2555,"timeOffset":0}]},"timestamp":1592410084780},{"type":3,"data":{"source":2,"type":1,"id":2557,"x":252,"y":909},"timestamp":1592410084933},{"type":3,"data":{"source":2,"type":6,"id":1087},"timestamp":1592410084935},{"type":3,"data":{"source":2,"type":5,"id":2555},"timestamp":1592410084937},{"type":3,"data":{"source":2,"type":0,"id":2557,"x":252,"y":909},"timestamp":1592410085062},{"type":3,"data":{"source":2,"type":2,"id":2557,"x":252,"y":909},"timestamp":1592410085062},{"type":3,"data":{"source":1,"positions":[{"x":251,"y":912,"id":2555,"timeOffset":-445},{"x":252,"y":910,"id":2557,"timeOffset":-389}]},"timestamp":1592410085281},{"type":3,"data":{"source":1,"positions":[{"x":252,"y":908,"id":2557,"timeOffset":-120},{"x":264,"y":860,"id":2547,"timeOffset":-65},{"x":288,"y":781,"id":891,"timeOffset":-10}]},"timestamp":1592410085781},{"type":3,"data":{"source":3,"id":1,"x":0,"y":5},"timestamp":1592410086043},{"type":3,"data":{"source":3,"id":1,"x":0,"y":235},"timestamp":1592410086143},{"type":3,"data":{"source":3,"id":1,"x":0,"y":267},"timestamp":1592410086248},{"type":3,"data":{"source":3,"id":1,"x":0,"y":269},"timestamp":1592410086349},{"type":3,"data":{"source":3,"id":1,"x":0,"y":330},"timestamp":1592410086449},{"type":3,"data":{"source":3,"id":1,"x":0,"y":500},"timestamp":1592410086550},{"type":3,"data":{"source":3,"id":1,"x":0,"y":505},"timestamp":1592410086650},{"type":3,"data":{"source":3,"id":1,"x":0,"y":504},"timestamp":1592410086752},{"type":3,"data":{"source":3,"id":1,"x":0,"y":509},"timestamp":1592410087126},{"type":3,"data":{"source":3,"id":1,"x":0,"y":638},"timestamp":1592410087227},{"type":3,"data":{"source":3,"id":1,"x":0,"y":662},"timestamp":1592410087326},{"type":3,"data":{"source":3,"id":1,"x":0,"y":674},"timestamp":1592410087426},{"type":3,"data":{"source":3,"id":1,"x":0,"y":676},"timestamp":1592410087530},{"type":3,"data":{"source":3,"id":1,"x":0,"y":675},"timestamp":1592410087649},{"type":3,"data":{"source":3,"id":1,"x":0,"y":630},"timestamp":1592410087750},{"type":3,"data":{"source":3,"id":1,"x":0,"y":370},"timestamp":1592410087850},{"type":3,"data":{"source":3,"id":1,"x":0,"y":265},"timestamp":1592410087950},{"type":3,"data":{"source":3,"id":1,"x":0,"y":204},"timestamp":1592410088050},{"type":3,"data":{"source":3,"id":1,"x":0,"y":139},"timestamp":1592410088151},{"type":3,"data":{"source":3,"id":1,"x":0,"y":86},"timestamp":1592410088250},{"type":3,"data":{"source":3,"id":1,"x":0,"y":70},"timestamp":1592410088350},{"type":3,"data":{"source":1,"positions":[{"x":296,"y":746,"id":898,"timeOffset":0}]},"timestamp":1592410088379},{"type":3,"data":{"source":1,"positions":[{"x":297,"y":751,"id":898,"timeOffset":-446},{"x":298,"y":756,"id":898,"timeOffset":-390},{"x":299,"y":757,"id":898,"timeOffset":-333}]},"timestamp":1592410088880},{"type":3,"data":{"source":1,"positions":[{"x":299,"y":762,"id":898,"timeOffset":-488},{"x":293,"y":839,"id":2547,"timeOffset":-433},{"x":291,"y":879,"id":2555,"timeOffset":-376},{"x":291,"y":884,"id":2555,"timeOffset":-318},{"x":291,"y":885,"id":2555,"timeOffset":-224},{"x":291,"y":887,"id":2555,"timeOffset":-168},{"x":291,"y":895,"id":2557,"timeOffset":-110},{"x":292,"y":912,"id":2555,"timeOffset":-55},{"x":292,"y":917,"id":2555,"timeOffset":0}]},"timestamp":1592410089380}]}