{"events":[{"type":3,"data":{"source":1,"positions":[{"x":180,"y":318,"id":4947,"timeOffset":-441},{"x":180,"y":317,"id":4947,"timeOffset":-388},{"x":187,"y":308,"id":4947,"timeOffset":-332},{"x":212,"y":282,"id":4951,"timeOffset":-275},{"x":246,"y":248,"id":4897,"timeOffset":-220},{"x":255,"y":235,"id":4933,"timeOffset":-164},{"x":247,"y":233,"id":4933,"timeOffset":-107},{"x":216,"y":220,"id":4933,"timeOffset":-52}]},"timestamp":1592410006527},{"type":3,"data":{"source":1,"positions":[{"x":186,"y":214,"id":4933,"timeOffset":-496},{"x":174,"y":214,"id":4933,"timeOffset":-440},{"x":173,"y":214,"id":4933,"timeOffset":-374},{"x":176,"y":217,"id":4933,"timeOffset":-320},{"x":196,"y":246,"id":4897,"timeOffset":-263},{"x":226,"y":316,"id":4947,"timeOffset":-207},{"x":226,"y":339,"id":4960,"timeOffset":-151},{"x":209,"y":346,"id":4960,"timeOffset":-95},{"x":185,"y":351,"id":4960,"timeOffset":-39}]},"timestamp":1592410007028},{"type":3,"data":{"source":1,"positions":[{"x":173,"y":354,"id":4960,"timeOffset":-483},{"x":170,"y":354,"id":4960,"timeOffset":-427},{"x":169,"y":354,"id":4960,"timeOffset":-328},{"x":170,"y":354,"id":4960,"timeOffset":-248}]},"timestamp":1592410007528},{"type":3,"data":{"source":1,"positions":[{"x":170,"y":354,"id":4960,"timeOffset":0}]},"timestamp":1592410015964}]}