{"events":[{"type":3,"data":{"source":0,"texts":[],"attributes":[],"removes":[{"parentId":3,"id":5109}],"adds":[]},"timestamp":1592410016441},{"type":3,"data":{"source":1,"positions":[{"x":166,"y":380,"id":4973,"timeOffset":-447},{"x":161,"y":390,"id":4973,"timeOffset":-391},{"x":156,"y":392,"id":4973,"timeOffset":-334},{"x":147,"y":398,"id":4973,"timeOffset":-279},{"x":137,"y":404,"id":4977,"timeOffset":-222},{"x":131,"y":411,"id":4979,"timeOffset":-166},{"x":128,"y":415,"id":4979,"timeOffset":-110}]},"timestamp":1592410016465},{"type":3,"data":{"source":1,"positions":[{"x":128,"y":415,"id":4979,"timeOffset":-392},{"x":128,"y":413,"id":4979,"timeOffset":-338},{"x":126,"y":402,"id":4977,"timeOffset":-282},{"x":116,"y":375,"id":4955,"timeOffset":-226},{"x":105,"y":363,"id":4960,"timeOffset":-174},{"x":84,"y":360,"id":4960,"timeOffset":-121},{"x":61,"y":359,"id":4960,"timeOffset":-65},{"x":50,"y":357,"id":4960,"timeOffset":-9}]},"timestamp":1592410016965},{"type":3,"data":{"source":1,"positions":[{"x":43,"y":353,"id":4960,"timeOffset":-454},{"x":41,"y":351,"id":4960,"timeOffset":-398},{"x":40,"y":351,"id":4960,"timeOffset":-348},{"x":39,"y":351,"id":4960,"timeOffset":-293},{"x":36,"y":351,"id":4960,"timeOffset":-237},{"x":36,"y":351,"id":4960,"timeOffset":-165},{"x":93,"y":353,"id":4960,"timeOffset":-109},{"x":217,"y":365,"id":4958,"timeOffset":-54}]},"timestamp":1592410017466},{"type":3,"data":{"source":1,"positions":[{"x":246,"y":365,"id":4958,"timeOffset":-499},{"x":244,"y":366,"id":4958,"timeOffset":-441},{"x":226,"y":376,"id":4955,"timeOffset":-386},{"x":174,"y":421,"id":4979,"timeOffset":-329},{"x":133,"y":445,"id":4977,"timeOffset":-273},{"x":121,"y":447,"id":4977,"timeOffset":-218},{"x":119,"y":445,"id":4977,"timeOffset":-161},{"x":119,"y":443,"id":4977,"timeOffset":-105},{"x":119,"y":441,"id":4979,"timeOffset":-49}]},"timestamp":1592410017967},{"type":3,"data":{"source":2,"type":1,"id":4979,"x":122,"y":430},"timestamp":1592410018072},{"type":3,"data":{"source":2,"type":5,"id":4979},"timestamp":1592410018075},{"type":3,"data":{"source":2,"type":0,"id":4979,"x":122,"y":430},"timestamp":1592410018128},{"type":3,"data":{"source":2,"type":2,"id":4979,"x":122,"y":430},"timestamp":1592410018128},{"type":3,"data":{"source":1,"positions":[{"x":122,"y":435,"id":4979,"timeOffset":-495},{"x":122,"y":430,"id":4979,"timeOffset":-438}]},"timestamp":1592410018469},{"type":3,"data":{"source":5,"text":"1","isChecked":false,"id":4979},"timestamp":1592410019444},{"type":3,"data":{"source":5,"text":"11","isChecked":false,"id":4979},"timestamp":1592410019600},{"type":3,"data":{"source":5,"text":"11/","isChecked":false,"id":4979},"timestamp":1592410019923},{"type":3,"data":{"source":5,"text":"11/2","isChecked":false,"id":4979},"timestamp":1592410020533},{"type":3,"data":{"source":5,"text":"11/21","isChecked":false,"id":4979},"timestamp":1592410020645},{"type":3,"data":{"source":1,"positions":[{"x":123,"y":430,"id":4979,"timeOffset":0}]},"timestamp":1592410020959},{"type":3,"data":{"source":1,"positions":[{"x":180,"y":427,"id":4979,"timeOffset":-447},{"x":233,"y":418,"id":4973,"timeOffset":-391},{"x":249,"y":417,"id":4973,"timeOffset":-334},{"x":253,"y":419,"id":4973,"timeOffset":-278},{"x":255,"y":422,"id":4973,"timeOffset":-223},{"x":263,"y":426,"id":4973,"timeOffset":-166},{"x":293,"y":429,"id":4991,"timeOffset":-110},{"x":310,"y":428,"id":4991,"timeOffset":-54}]},"timestamp":1592410021459},{"type":3,"data":{"source":2,"type":1,"id":4991,"x":315,"y":428},"timestamp":1592410021495},{"type":3,"data":{"source":2,"type":6,"id":4979},"timestamp":1592410021496},{"type":3,"data":{"source":2,"type":5,"id":4991},"timestamp":1592410021497},{"type":3,"data":{"source":2,"type":0,"id":4991,"x":315,"y":428},"timestamp":1592410021567},{"type":3,"data":{"source":2,"type":2,"id":4991,"x":315,"y":428},"timestamp":1592410021567},{"type":3,"data":{"source":1,"positions":[{"x":314,"y":428,"id":4991,"timeOffset":-498}]},"timestamp":1592410021959},{"type":3,"data":{"source":5,"text":"6","isChecked":false,"id":4991},"timestamp":1592410022592},{"type":3,"data":{"source":5,"text":"60","isChecked":false,"id":4991},"timestamp":1592410022931},{"type":3,"data":{"source":5,"text":"600","isChecked":false,"id":4991},"timestamp":1592410023076},{"type":3,"data":{"source":5,"text":"6007","isChecked":false,"id":4991},"timestamp":1592410023245},{"type":3,"data":{"source":5,"text":"60070","isChecked":false,"id":4991},"timestamp":1592410023461},{"type":3,"data":{"source":1,"positions":[{"x":312,"y":437,"id":4991,"timeOffset":0}]},"timestamp":1592410023846},{"type":3,"data":{"source":2,"type":1,"id":4996,"x":195,"y":490},"timestamp":1592410024326},{"type":3,"data":{"source":2,"type":6,"id":4991},"timestamp":1592410024328},{"type":3,"data":{"source":1,"positions":[{"x":258,"y":479,"id":4953,"timeOffset":-337},{"x":228,"y":504,"id":4946,"timeOffset":-287},{"x":224,"y":507,"id":4946,"timeOffset":-231},{"x":217,"y":503,"id":4946,"timeOffset":-175},{"x":207,"y":496,"id":4946,"timeOffset":-119},{"x":197,"y":490,"id":4996,"timeOffset":-62}]},"timestamp":1592410024347},{"type":3,"data":{"source":2,"type":0,"id":4996,"x":194,"y":490},"timestamp":1592410024406},{"type":3,"data":{"source":2,"type":2,"id":4996,"x":194,"y":490},"timestamp":1592410024406},{"type":3,"data":{"source":3,"id":1,"x":0,"y":212},"timestamp":1592410024783},{"type":3,"data":{"source":3,"id":1,"x":0,"y":123},"timestamp":1592410024884},{"type":3,"data":{"source":3,"id":1,"x":0,"y":87},"timestamp":1592410024985},{"type":3,"data":{"source":3,"id":1,"x":0,"y":69},"timestamp":1592410025087},{"type":3,"data":{"source":3,"id":1,"x":0,"y":23},"timestamp":1592410025188},{"type":3,"data":{"source":3,"id":1,"x":0,"y":0},"timestamp":1592410025289},{"type":3,"data":{"source":1,"positions":[{"x":195,"y":490,"id":4951,"timeOffset":0}]},"timestamp":1592410025482},{"type":3,"data":{"source":1,"positions":[{"x":285,"y":530,"id":4947,"timeOffset":-447},{"x":344,"y":595,"id":4973,"timeOffset":-391},{"x":350,"y":618,"id":4989,"timeOffset":-334},{"x":347,"y":639,"id":4991,"timeOffset":-279},{"x":339,"y":664,"id":4986,"timeOffset":-222},{"x":334,"y":688,"id":4953,"timeOffset":-165},{"x":333,"y":702,"id":4996,"timeOffset":-110},{"x":333,"y":728,"id":5001,"timeOffset":-59},{"x":336,"y":748,"id":5001,"timeOffset":-6}]},"timestamp":1592410025983}]}